"","label","X","SA.axis_rank","GAM.age.Fvalue","GAM.age.pvalue","GAM.age.AdjRsq","Anova.age.pvalue","age.onsetchange","age.peakchange","maxage.BNC.increase","age.maturation","significant","Anova.age.pvalue.fdr","significant.fdr"
"1","Networks_LH_VisCent_ExStr_1",1,21,3.14945201327322,0.0435623912172022,0.00684882954319732,0.0428756156989737,5.66666666666667,6.15661641239531,21.9166665666667,21.9166665666667,TRUE,0.0564152838144391,0
"2","Networks_LH_VisCent_ExStr_2",2,28,1.48190480716422,0.228008116532776,-0.00152204332866523,0.22720449518986,NA,NA,NA,NA,FALSE,0.272101191844144,0
"3","Networks_LH_VisCent_Striate_1",3,2,13.191809069489,2.45142138984651e-06,-0.0377225980527005,1.86582159289905e-06,5.66666666666667,6.36076213978225,NA,17.9154103098828,TRUE,6.66364854606804e-06,1
"4","Networks_LH_VisCent_ExStr_3",4,27,8.68657870763226,0.000190263379994145,0.0236913742277948,0.000168836678851586,5.66666666666667,6.15661641239531,15.7922947450586,15.7922947450586,TRUE,0.000388130296210543,1
"5","Networks_LH_VisCent_ExStr_4",5,57,7.63678358089962,0.000529151817654287,0.0207405512792859,0.00048237748771408,5.66666666666667,6.23827470335009,16.2822444907873,16.2822444907873,TRUE,0.000994592758173361,1
"6","Networks_LH_VisCent_ExStr_5",6,36,17.5291250631108,3.93231516493188e-08,0.0501837635538305,2.43892088404448e-08,11.0561138696818,21.4675459664154,21.9166665666667,21.9166665666667,TRUE,1.29444518164666e-07,1
"7","Networks_LH_VisPeri_ExStrInf_1",7,39,7.93059778140087,0.000397286526434829,-0.0213852338186747,0.000359571403575276,5.66666666666667,6.07495812144054,21.9166665666667,21.9166665666667,TRUE,0.000773271835645755,1
"8","Networks_LH_VisPeri_ExStrInf_2",8,9,6.43339278330505,0.00171636514714318,0.0169898505348746,0.00160698940817183,5.66666666666667,21.7125208392798,21.9166665666667,21.9166665666667,TRUE,0.00297590631142931,1
"9","Networks_LH_VisPeri_ExStrInf_3",9,32,6.65193891359025,0.0013856644760996,-0.0174928314564158,0.00129151553921271,5.66666666666667,6.03412897596315,NA,15.7106364541039,TRUE,0.00248368372925521,1
"10","Networks_LH_VisPeri_StriCal_1",10,8,5.3519867323549,0.00496018586490692,-0.0137785419062917,0.0047387270587196,5.66666666666667,6.1974455578727,NA,15.2206867083752,TRUE,0.00770524724995057,1
"11","Networks_LH_VisPeri_ExStrSup_1",11,15,7.51059403868198,0.000598517329897167,0.0202107036635535,0.000547255900962408,5.66666666666667,21.5900334028476,21.9166665666667,21.9166665666667,TRUE,0.00109451180192482,1
"12","Networks_LH_VisPeri_ExStrSup_2",12,10,6.83249963014196,0.00116120993635926,0.0182419169319595,0.00107815974594377,13.4242043073702,21.4675459664154,21.9166665666667,21.9166665666667,TRUE,0.0021140387175368,1
"13","Networks_LH_SomMotA_1",13,58,4.60854658639221,0.0103101505269631,0.0112686176052218,0.00996629293225635,13.9141540530988,21.4267168209381,21.9166665666667,21.9166665666667,TRUE,0.0149869066650471,1
"14","Networks_LH_SomMotA_2",14,35,18.0191554876302,2.47383757791347e-08,0.0519996397213283,1.4941018488705e-08,13.3425460164154,21.5492042573702,21.9166665666667,21.9166665666667,TRUE,8.53772485068857e-08,1
"15","Networks_LH_SomMotA_3",15,6,26.8066845607797,6.82507416361944e-12,0.0762567630615606,2.28036736536772e-12,10.7294807058627,21.5083751118928,21.9166665666667,21.9166665666667,TRUE,3.9244646516535e-11,1
"16","Networks_LH_SomMotA_4",16,13,39.9241704078743,4.90008003826738e-17,0.111326124993299,4.58303419155693e-18,9.0146565958124,21.4675459664154,21.9166665666667,21.9166665666667,TRUE,3.05535612770462e-16,1
"17","Networks_LH_SomMotA_5",17,20,29.8640298077714,4.14488310347891e-13,0.0845545235886165,1.07205396423235e-13,8.27973197721944,21.3042293845059,21.9166665666667,21.9166665666667,TRUE,2.68013491058087e-12,1
"18","Networks_LH_SomMotA_6",18,40,19.4354364307749,6.50620895707097e-09,0.0552630460336087,3.62490980338076e-09,11.9543550701843,21.7125208392798,21.9166665666667,21.9166665666667,TRUE,2.78839215644674e-08,1
"19","Networks_LH_SomMotA_7",19,16,23.7735961394793,1.12722842460765e-10,0.0674009852486827,4.73432842015733e-11,13.0975711435511,21.5900334028476,21.9166665666667,21.9166665666667,TRUE,5.34240279410472e-10,1
"20","Networks_LH_SomMotA_8",20,7,24.0198999166634,8.96807444017452e-11,0.067799905728355,3.70075223695393e-11,5.66666666666667,6.23827470335009,21.9166665666667,21.9166665666667,TRUE,4.62594029619241e-10,1
"21","Networks_LH_SomMotB_Aud_1",21,94,4.18606022232539,0.015638037359143,-0.00980513617268541,0.0152060755717362,5.66666666666667,6.15661641239531,21.9166665666667,21.9166665666667,TRUE,0.0212672385618688,1
"22","Networks_LH_SomMotB_Aud_2",22,55,6.63815814252288,0.00140448594632916,-0.0173833120568,0.00130943682010519,5.66666666666667,6.07495812144054,21.9166665666667,21.9166665666667,TRUE,0.00249416537162893,1
"23","Networks_LH_SomMotB_S2_1",23,52,4.98436218165347,0.00712093788809859,-0.0123801053254675,0.00684414195492065,5.66666666666667,6.15661641239531,21.9166665666667,21.9166665666667,TRUE,0.0107665300468413,1
"24","Networks_LH_SomMotB_S2_2",24,60,11.1973374807908,1.67041639028394e-05,0.031608925818489,1.37106523866596e-05,13.6691791802345,21.5083751118928,21.9166665666667,21.9166665666667,TRUE,4.21866227281834e-05,1
"25","Networks_LH_SomMotB_Aud_3",25,89,3.93324014148029,0.020070644762197,0.0092463294025148,0.0195801272782344,5.66666666666667,6.15661641239531,21.9166665666667,21.9166665666667,TRUE,0.0266396289499788,1
"26","Networks_LH_SomMotB_S2_3",26,59,12.5315452641702,4.62108463396569e-06,0.0353907411661966,3.61092977214325e-06,13.5875208892797,21.5083751118928,21.9166665666667,21.9166665666667,TRUE,1.20364325738108e-05,1
"27","Networks_LH_SomMotB_Cent_1",27,31,20.9216347988052,1.61185190396268e-09,0.0599179577959055,8.2006722378447e-10,12.6076213978225,21.5492042573702,21.9166665666667,21.9166665666667,TRUE,7.34155614172715e-09,1
"28","Networks_LH_SomMotB_Cent_2",28,43,24.4351148520343,6.10161891162336e-11,0.0701636813685992,2.44323057785879e-11,11.5460636154104,21.4267168209381,21.9166665666667,21.9166665666667,TRUE,3.25764077047839e-10,1
"29","Networks_LH_DorsAttnA_TempOcc_1",29,115,4.29581300912343,0.0140333221313634,-0.010265257618883,0.0136254895456375,5.66666666666667,6.23827470335009,NA,15.1390284174205,TRUE,0.0194649850651964,1
"30","Networks_LH_DorsAttnA_TempOcc_2",30,67,1.14016621982811,0.320435392470858,0.000449629949991537,0.319765865971351,NA,NA,NA,NA,FALSE,0.363325785423714,0
"31","Networks_LH_DorsAttnA_ParOcc_1",31,47,5.61972733428589,0.00381277865469682,0.0145956933693986,0.00362562955907336,12.3626465249581,17.6704354370184,17.6704354370184,17.6704354370184,TRUE,0.00609349505726615,1
"32","Networks_LH_DorsAttnA_SPL_1",32,65,12.0363657682937,7.44047813563664e-06,0.0340340010376637,5.92478731201351e-06,10.8111389968174,20.9775962206868,21.9166665666667,21.9166665666667,TRUE,1.91122171355275e-05,1
"33","Networks_LH_DorsAttnA_SPL_2",33,46,35.5500385007684,2.41953508248659e-15,0.0994026893898914,3.63759586626092e-16,5.66666666666667,6.64656615812396,21.9166665666667,21.9166665666667,TRUE,1.34995280186345e-14,1
"34","Networks_LH_DorsAttnA_SPL_3",34,66,23.7581210253795,1.14354730711669e-10,0.0667888995386069,4.80816251469425e-11,11.2194304515913,21.5083751118928,21.9166665666667,21.9166665666667,TRUE,5.34240279410472e-10,1
"35","Networks_LH_DorsAttnB_PostC_1",35,84,20.1385349006125,3.35967295824342e-09,0.0560313857429954,1.79450808375239e-09,5.66666666666667,21.630862548325,21.9166665666667,21.9166665666667,TRUE,1.43560646700191e-08,1
"36","Networks_LH_DorsAttnB_PostC_2",36,53,13.6543228733348,1.57357468627949e-06,0.0385139133575021,1.17490545981733e-06,12.8525962706868,21.630862548325,21.9166665666667,21.9166665666667,TRUE,4.43360550874464e-06,1
"37","Networks_LH_DorsAttnB_PostC_3",37,38,23.2076061552962,1.90767358906661e-10,0.0662685879849229,8.33805409861351e-11,9.6679229234506,21.5492042573702,21.9166665666667,21.9166665666667,TRUE,8.77689905117212e-10,1
"38","Networks_LH_DorsAttnB_PostC_4",38,42,29.5140705766857,5.70445343882235e-13,0.0832845692819745,1.52125496980545e-13,5.66666666666667,7.17734504932999,21.9166665666667,21.9166665666667,TRUE,3.38056659956767e-12,1
"39","Networks_LH_DorsAttnB_FEF_1",39,93,6.05246985411479,0.0024933120507598,0.0153811827625835,0.00235204561708423,10.974455578727,11.0152847242044,16.9355108184255,16.9355108184255,TRUE,0.00412639581944602,1
"40","Networks_LH_SalVentAttnA_ParOper_1",40,111,7.77489729930172,0.000462437567394573,0.0210568781574678,0.000420150616901604,14.0774706350084,21.7533499847572,21.9166665666667,21.9166665666667,TRUE,0.000884527614529693,1
"41","Networks_LH_SalVentAttnA_Ins_1",41,127,5.11569589171592,0.00625768880907249,-0.0126781640599436,0.00600179977811061,5.66666666666667,6.11578726691793,NA,15.1390284174205,TRUE,0.00952666631446128,1
"42","Networks_LH_SalVentAttnA_FrOper_1",42,96,2.50401644524269,0.0825824976117123,0.00467803026115976,0.0817559699268705,5.66666666666667,6.23827470335009,21.9166665666667,21.9166665666667,FALSE,0.103488569527684,0
"43","Networks_LH_SalVentAttnA_FrOper_2",43,123,1.90667644257386,0.149443512193901,-0.00273246742280386,0.148573359021322,NA,NA,NA,NA,FALSE,0.181187023196734,0
"44","Networks_LH_SalVentAttnA_ParMed_1",44,72,0.0547175369692863,0.946757104163446,0.00292798284220053,0.946752532778331,NA,NA,NA,NA,FALSE,0.951510083194303,0
"45","Networks_LH_SalVentAttnA_FrMed_1",45,124,0.666277295416674,0.513984427367198,0.00104819646038634,0.51361706782257,NA,NA,NA,NA,FALSE,0.555261694943319,0
"46","Networks_LH_SalVentAttnA_FrMed_2",46,78,13.0273121988473,2.87051294252767e-06,0.0369145399791572,2.19943027103827e-06,11.1377721606365,21.2634002390285,21.9166665666667,21.9166665666667,TRUE,7.71729919662551e-06,1
"47","Networks_LH_SalVentAttnB_IPL_1",47,153,1.07507721027865,0.341906719191468,-0.000235251976050233,0.341271404623546,NA,NA,NA,NA,FALSE,0.381839649705086,0
"48","Networks_LH_SalVentAttnB_PFCl_1",48,175,10.0987614606111,4.8315560702755e-05,0.0269992382028509,4.11304653931275e-05,5.66666666666667,5.82998324857622,16.6905359455612,16.6905359455612,TRUE,0.000115860465896134,1
"49","Networks_LH_SalVentAttnB_Ins_1",49,133,8.16012214952662,0.000317646611740573,-0.0211473424521246,0.000285827478973851,5.66666666666667,6.07495812144054,NA,15.7922947450586,TRUE,0.000621364084725763,1
"50","Networks_LH_SalVentAttnB_PFCmp_1",50,149,10.6452850839961,2.84720695631326e-05,-0.0267884407534614,2.38128529296225e-05,5.66666666666667,6.15661641239531,NA,16.7721942365159,TRUE,6.92959880305675e-05,1
"51","Networks_LH_LimbicB_OFC_1",51,144,8.32414667939772,0.000270741098812931,-0.021462489264741,0.000242587841691677,7.78978223149079,7.95309881340034,NA,17.3438022731994,TRUE,0.000545141217284667,1
"52","Networks_LH_LimbicB_OFC_2",52,141,0.237322478608395,0.78880851326301,-0.00217949295724207,0.788736896225188,NA,NA,NA,NA,FALSE,0.817343933912112,0
"53","Networks_LH_LimbicA_TempPole_1",53,121,6.18790227547326,0.00218322154368837,-0.0161187565147236,0.00205413123836596,5.66666666666667,5.95247068500838,NA,15.7106364541039,TRUE,0.00366809149708207,1
"54","Networks_LH_LimbicA_TempPole_2",54,137,0.401966887981541,0.669177117432368,-0.00192771266654401,0.669002897359879,NA,NA,NA,NA,FALSE,0.704213576168294,0
"55","Networks_LH_LimbicA_TempPole_3",55,130,7.81316481407127,0.000445493461643245,-0.0202655829889847,0.000404376244926165,5.66666666666667,6.15661641239531,NA,15.4656615812395,TRUE,0.000860374989204606,1
"56","Networks_LH_LimbicA_TempPole_4",56,113,3.08459616363912,0.0464512981817437,-0.00624756866792298,0.0457485050801097,5.66666666666667,6.15661641239531,NA,13.505862598325,TRUE,0.05980196742498,0
"57","Networks_LH_ContA_Temp_1",57,139,1.24531048525413,0.288570493967104,0.000786779277750838,0.287851520602179,NA,NA,NA,NA,FALSE,0.336668445148747,0
"58","Networks_LH_ContA_IPS_1",58,119,0.729765866673871,0.482435402749861,-0.000836538658273933,0.48202183425473,NA,NA,NA,NA,FALSE,0.529694323356846,0
"59","Networks_LH_ContA_IPS_2",59,104,1.20342053058962,0.300865873082586,-0.000627375901643412,0.300165727880284,NA,NA,NA,NA,FALSE,0.347012402173739,0
"60","Networks_LH_ContA_IPS_3",60,88,6.61977131162699,0.00142999828410495,0.0173919086030252,0.00133373592063732,12.6892796887772,21.3042293845059,21.9166665666667,21.9166665666667,TRUE,0.00251648286912702,1
"61","Networks_LH_ContA_PFCd_1",61,125,2.72611929639645,0.0662577755726362,0.0053101464076053,0.0654728781331409,14.3224455078727,17.1804856912898,17.1804856912898,17.1804856912898,FALSE,0.0834049402969948,0
"62","Networks_LH_ContA_PFClv_1",62,178,1.83223086761006,0.160921681979004,-0.00247047982557547,0.160056105216704,NA,NA,NA,NA,FALSE,0.194007400262672,0
"63","Networks_LH_ContA_PFCl_1",63,142,9.38494176095566,9.65272258094481e-05,-0.0239282134991951,8.39791704288977e-05,10.6478224149079,10.6478224149079,NA,19.0586263832496,TRUE,0.000207355976367649,1
"64","Networks_LH_ContA_PFCl_2",64,126,4.75626336839653,0.00891388440438545,-0.0109759744427178,0.00859767579712846,5.66666666666667,5.8708123940536,NA,14.7307369626466,TRUE,0.0131262225910358,1
"65","Networks_LH_ContA_PFCl_3",65,148,5.96222780174553,0.002724101107847,-0.0147426527041608,0.0025741708370626,5.66666666666667,6.07495812144054,NA,15.7922947450586,TRUE,0.00447681884706539,1
"66","Networks_LH_ContA_Cingm_1",66,77,1.25869556865663,0.284749019898526,-0.000817480329940778,0.284024275132087,NA,NA,NA,NA,FALSE,0.334146206037749,0
"67","Networks_LH_ContB_Temp_1",67,197,0.148895747142886,0.86168974248865,-0.00265131805916541,0.861658940622985,NA,NA,NA,NA,FALSE,0.882065191412751,0
"68","Networks_LH_ContB_IPL_1",68,161,14.0824192859524,1.04454872534739e-06,-0.0368459404575269,7.65742959176552e-07,11.7910384882747,21.4675459664154,NA,21.9166665666667,TRUE,3.00774783971942e-06,1
"69","Networks_LH_ContB_PFCl_1",69,199,4.445035061271,0.0121130950853451,-0.00947375202868317,0.0117366945203006,13.3425460164154,18.2828726191793,NA,18.3237017646566,TRUE,0.0170097022033342,1
"70","Networks_LH_ContB_PFClv_1",70,193,13.3319758460988,2.14309621009838e-06,-0.0331808666132235,1.62179686723228e-06,11.6277219063652,21.7125208392798,NA,21.9166665666667,TRUE,5.89744315357193e-06,1
"71","Networks_LH_ContB_PFClv_2",71,187,0.145692019857941,0.864453473021307,-0.00243612488545997,0.864423887584496,NA,NA,NA,NA,FALSE,0.882065191412751,0
"72","Networks_LH_ContC_pCun_1",72,74,3.06046393294907,0.0475746381374661,-0.006518737403158,0.0468659475184023,5.66666666666667,5.95247068500838,NA,14.4041037988275,TRUE,0.060864866907016,0
"73","Networks_LH_ContC_pCun_2",73,69,18.2766482093166,1.93967080704448e-08,0.0527415037864403,1.15492168286973e-08,5.66666666666667,6.15661641239531,18.1603851827471,18.1603851827471,TRUE,6.79365695805724e-08,1
"74","Networks_LH_ContC_Cingp_1",74,73,0.108871244004227,0.896863026092614,0.00285287351273633,0.896845884349447,NA,NA,NA,NA,FALSE,0.90590493368631,0
"75","Networks_LH_DefaultA_IPL_1",75,154,9.86871841890942,6.03776623066102e-05,-0.0244373956336775,5.17690323314987e-05,12.036013361139,21.630862548325,NA,21.9166665666667,TRUE,0.000139512676905091,1
"76","Networks_LH_DefaultA_PFCd_1",76,183,0.648701683821639,0.523078412868572,-0.00101999613858039,0.522723997415986,NA,NA,NA,NA,FALSE,0.559063098840627,0
"77","Networks_LH_DefaultA_pCunPCC_1",77,135,4.36674684905563,0.0130851530901209,-0.00999223746749589,0.0126924639798401,10.3211892510888,10.3211892510888,NA,15.7922947450586,TRUE,0.0182625381004894,1
"78","Networks_LH_DefaultA_pCunPCC_2",78,158,4.44537729061768,0.0121090089210116,-0.0100009810320145,0.011732678566231,14.4041037988275,21.4675459664154,NA,21.9166665666667,TRUE,0.0170097022033342,1
"79","Networks_LH_DefaultA_pCunPCC_3",79,100,0.337783571660992,0.713480853803323,0.00205570025600421,0.713349660274515,NA,NA,NA,NA,FALSE,0.746962995051848,0
"80","Networks_LH_DefaultA_PFCm_1",80,180,9.96452444969081,5.50247412462586e-05,-0.0240845547702929,4.70394263357965e-05,5.66666666666667,6.15661641239531,NA,15.7922947450586,TRUE,0.00013066507315499,1
"81","Networks_LH_DefaultA_PFCm_2",81,170,3.49056607360652,0.0310840435603957,-0.00652009150510335,0.030483611318424,12.1176716520938,12.1176716520938,NA,15.7106364541039,TRUE,0.040644815091232,1
"82","Networks_LH_DefaultA_PFCm_3",82,196,15.367264265183,3.06358416530812e-07,-0.0358168928696913,2.11876079215427e-07,5.66666666666667,6.15661641239531,NA,17.1804856912898,TRUE,9.41671463179676e-07,1
"83","Networks_LH_DefaultB_Temp_1",83,164,4.23916817563091,0.014839763453128,-0.00937717544189054,0.014419581415026,5.66666666666667,6.11578726691793,NA,15.30234499933,TRUE,0.0203092695986282,1
"84","Networks_LH_DefaultB_Temp_2",84,198,1.58068382094234,0.206662648990931,-0.00182268233598681,0.205834296266266,NA,NA,NA,NA,FALSE,0.247993128031646,0
"85","Networks_LH_DefaultB_Temp_3",85,166,2.17654390596462,0.114298868544787,-0.00355557971661513,0.113432888695814,5.66666666666667,6.03412897596315,NA,13.1792294345059,FALSE,0.140910420740142,0
"86","Networks_LH_DefaultB_Temp_4",86,151,9.58444215579338,7.95389916155183e-05,-0.024495092519936,6.87906890476386e-05,5.66666666666667,6.03412897596315,NA,16.037269617923,TRUE,0.000176386382173432,1
"87","Networks_LH_DefaultB_IPL_1",87,184,8.9692290980047,0.000144544166727986,-0.0238919060597388,0.000127266264165612,5.66666666666667,6.27910384882748,NA,16.7721942365159,TRUE,0.000303014914680029,1
"88","Networks_LH_DefaultB_PFCd_1",88,182,7.7022165770078,0.000496419896527475,-0.0171968380705749,0.000451824568161621,5.66666666666667,6.03412897596315,NA,16.037269617923,TRUE,0.000941301183670044,1
"89","Networks_LH_DefaultB_PFCd_2",89,190,4.2505094090802,0.0146746609632371,-0.00848931238188344,0.0142569694291773,10.5661641239531,10.5661641239531,NA,15.7922947450586,TRUE,0.0202226516725919,1
"90","Networks_LH_DefaultB_PFCd_3",90,189,17.1915987681668,5.41328003958634e-08,-0.0404011382005131,3.41809020594454e-08,5.66666666666667,6.36076213978225,NA,18.8953098013401,TRUE,1.70904510297227e-07,1
"91","Networks_LH_DefaultB_PFCd_4",91,150,3.55268869899506,0.0292321691086795,-0.00708128672078312,0.0286475114781586,5.66666666666667,6.15661641239531,NA,14.567420380737,TRUE,0.0384530355411525,1
"92","Networks_LH_DefaultB_PFCv_1",92,165,20.8830571237474,1.67117100330347e-09,-0.0498042782876459,8.5232166118431e-10,5.66666666666667,6.15661641239531,NA,17.2621439822446,TRUE,7.34155614172715e-09,1
"93","Networks_LH_DefaultB_PFCv_2",93,163,17.1189245735256,5.79919160942089e-08,-0.0462682174622795,3.67574623953101e-08,5.66666666666667,6.15661641239531,NA,19.9568675837521,TRUE,1.79304694611269e-07,1
"94","Networks_LH_DefaultB_PFCv_3",94,171,19.0336192503112,9.49817071332767e-09,-0.0489266271832567,5.4175657266297e-09,5.66666666666667,6.1974455578727,NA,17.1804856912898,TRUE,3.73625222526186e-08,1
"95","Networks_LH_DefaultB_PFCv_4",95,147,16.0664502201047,1.57481408713538e-07,-0.0417552436208994,1.05300231418268e-07,5.66666666666667,5.95247068500838,NA,16.5272193636516,TRUE,4.78637415537582e-07,1
"96","Networks_LH_DefaultC_IPL_1",96,110,0.791401924028078,0.453666264579346,0.000665601538732741,0.453208985141733,NA,NA,NA,NA,FALSE,0.50078340899639,0
"97","Networks_LH_DefaultC_Rsp_1",97,81,9.70117554240408,7.10252553449522e-05,-0.0249936355228892,6.12114960333685e-05,5.66666666666667,6.07495812144054,NA,15.8739530360134,TRUE,0.000161082884298338,1
"98","Networks_LH_DefaultC_PHC_1",98,90,15.0958609894526,3.96806350459912e-07,-0.0415140127251002,2.77939884498095e-07,5.66666666666667,6.11578726691793,NA,16.6088776546064,TRUE,1.2084342804265e-06,1
"99","Networks_LH_TempPar_1",99,116,4.97760012927847,0.00716848663025674,-0.0122231666761352,0.00689057922997841,5.66666666666667,6.03412897596315,21.9166665666667,21.9166665666667,TRUE,0.0107665300468413,1
"100","Networks_LH_TempPar_2",100,112,1.07368608437891,0.342381040450296,-0.000233801417844792,0.341746486486052,NA,NA,NA,NA,FALSE,0.381839649705086,0
"101","Networks_RH_VisCent_ExStr_1",101,34,4.46622526523248,0.0118626778114088,-0.0109321452110925,0.011490608088595,5.66666666666667,6.11578726691793,21.9166665666667,21.9166665666667,TRUE,0.0168979530714632,1
"102","Networks_RH_VisCent_ExStr_2",102,44,6.4756147741632,0.00164682295502064,0.0169986563140908,0.0015405515548727,13.4242043073702,21.5083751118928,21.9166665666667,21.9166665666667,TRUE,0.00287953561658449,1
"103","Networks_RH_VisCent_Striate_1",103,5,4.53001196624223,0.0111397830911846,-0.0112548567153173,0.010780547069334,12.3626465249581,12.4034756704355,NA,16.6905359455612,TRUE,0.0160903687602,1
"104","Networks_RH_VisCent_ExStr_3",104,29,6.39497507060601,0.00178219846869634,0.0166047798627847,0.0016699274934266,5.66666666666667,5.91164153953099,15.3840032902848,15.3840032902848,TRUE,0.00306408714390202,1
"105","Networks_RH_VisCent_ExStr_4",105,63,12.8629902206669,3.36095758203729e-06,0.0361781933623889,2.59223473905736e-06,5.66666666666667,6.23827470335009,17.0171691093803,17.0171691093803,TRUE,8.93874047950814e-06,1
"106","Networks_RH_VisCent_ExStr_5",106,17,14.0808107190948,1.04615718170167e-06,0.0397773621604324,7.66975699128451e-07,11.5460636154104,21.7125208392798,21.9166665666667,21.9166665666667,TRUE,3.00774783971942e-06,1
"107","Networks_RH_VisPeri_ExStrInf_1",107,14,5.60092423459512,0.00388385059395287,0.014487214445563,0.00369444760179679,5.66666666666667,21.7125208392798,21.9166665666667,21.9166665666667,TRUE,0.00615741266966132,1
"108","Networks_RH_VisPeri_ExStrInf_2",108,33,9.43003200392576,9.23940791466688e-05,-0.0260463230648992,8.02766307279826e-05,5.66666666666667,5.70749581214406,21.9166665666667,21.9166665666667,TRUE,0.000200691576819956,1
"109","Networks_RH_VisPeri_StriCal_1",109,4,10.4953779426096,3.29136600161296e-05,-0.0296600110323193,2.76640189889637e-05,5.66666666666667,6.07495812144054,NA,16.7721942365159,TRUE,7.9040054254182e-05,1
"110","Networks_RH_VisPeri_ExStrSup_1",110,25,4.47771418664901,0.011729084486805,-0.0109759796201241,0.0113593488525584,5.66666666666667,5.99329983048577,21.9166665666667,21.9166665666667,TRUE,0.0168286649667532,1
"111","Networks_RH_VisPeri_ExStrSup_2",111,18,7.28541808960242,0.000745744442541747,0.0196366062440221,0.000685461592071827,14.4041037988275,21.5492042573702,21.9166665666667,21.9166665666667,TRUE,0.00135734968727094,1
"112","Networks_RH_VisPeri_ExStrSup_3",112,24,16.7180438997961,8.48120994278544e-08,0.0473063849392356,5.48840038468817e-08,12.036013361139,21.4267168209381,21.9166665666667,21.9166665666667,TRUE,2.61352399270865e-07,1
"113","Networks_RH_SomMotA_1",113,30,14.1198128895437,1.00784892461059e-06,0.0404736318658617,7.37637821527588e-07,12.8525962706868,21.4675459664154,21.9166665666667,21.9166665666667,TRUE,3.00774783971942e-06,1
"114","Networks_RH_SomMotA_2",114,23,35.4426795689793,2.66420116799676e-15,0.0994930372219752,4.04985840559035e-16,9.3412897596315,21.4267168209381,21.9166665666667,21.9166665666667,TRUE,1.34995280186345e-14,1
"115","Networks_RH_SomMotA_3",115,45,5.23378157147346,0.00557149846263692,0.0131667589809891,0.00533331879434917,14.8123952536014,21.5083751118928,21.9166665666667,21.9166665666667,TRUE,0.00853331007095867,1
"116","Networks_RH_SomMotA_4",116,1,8.73264114623144,0.000181927028783088,0.0241304736465587,0.000161236045392997,14.1591289259632,21.5492042573702,21.9166665666667,21.9166665666667,TRUE,0.000374967547425574,1
"117","Networks_RH_SomMotA_5",117,37,14.1861424399366,9.45903024245843e-07,0.0400063813543826,6.90298005933246e-07,12.4443048159129,21.4675459664154,21.9166665666667,21.9166665666667,TRUE,2.87624169138853e-06,1
"118","Networks_RH_SomMotA_6",118,12,18.3977748869803,1.73006047059116e-08,0.0525694885157286,1.02317021067076e-08,12.3626465249581,21.7533499847572,21.9166665666667,21.9166665666667,TRUE,6.20103157982279e-08,1
"119","Networks_RH_SomMotA_7",119,19,21.5712578368433,8.77593255262955e-10,0.0612775121415846,4.28274043435235e-10,10.5661641239531,21.6716916938024,21.9166665666667,21.9166665666667,TRUE,4.0788004136689e-09,1
"120","Networks_RH_SomMotA_8",120,41,24.5159713983337,5.66107800203348e-11,0.0695978360072852,2.25345506892906e-11,9.3412897596315,21.5492042573702,21.9166665666667,21.9166665666667,TRUE,3.21922152704151e-10,1
"121","Networks_RH_SomMotA_9",121,22,27.0018215567291,5.70332486135832e-12,0.0767682164538603,1.8761082644856e-12,11.3827470335009,21.7941791302345,21.9166665666667,21.9166665666667,TRUE,3.7522165289712e-11,1
"122","Networks_RH_SomMotA_10",122,11,25.7130898554257,1.87050883646589e-11,0.0717543531244712,6.80686226880486e-12,13.0975711435511,21.630862548325,21.9166665666667,21.9166665666667,TRUE,1.04720957981613e-10,1
"123","Networks_RH_SomMotA_11",123,3,22.4469437212881,3.87434443326355e-10,0.063872002356113,1.78408772945494e-10,9.42294805058627,21.6716916938024,21.9166665666667,21.9166665666667,TRUE,1.78408772945494e-09,1
"124","Networks_RH_SomMotB_Aud_1",124,61,4.67588628335663,0.00964830958544733,-0.011409680513354,0.00931726374151874,5.66666666666667,6.03412897596315,NA,14.4857620897823,TRUE,0.0141170662750284,1
"125","Networks_RH_SomMotB_Aud_2",125,85,6.08411609424398,0.0024171116959504,0.0157412386584083,0.00227877765901402,5.66666666666667,6.07495812144054,21.9166665666667,21.9166665666667,TRUE,0.00403323479471508,1
"126","Networks_RH_SomMotB_S2_1",126,62,4.78749575727574,0.00864387687461193,0.0119272492952748,0.00833329987928445,14.9757118355109,21.5492042573702,21.9166665666667,21.9166665666667,TRUE,0.0128204613527453,1
"127","Networks_RH_SomMotB_S2_2",127,56,5.33272982949618,0.00505497989753219,0.0136271148042889,0.00483086455956434,14.7307369626466,21.5083751118928,21.9166665666667,21.9166665666667,TRUE,0.00779171703155539,1
"128","Networks_RH_SomMotB_S2_3",128,82,9.03959915134983,0.00013499008989832,0.0251876689694054,0.000118618374941265,13.5875208892797,21.630862548325,21.9166665666667,21.9166665666667,TRUE,0.000285827409497024,1
"129","Networks_RH_SomMotB_S2_4",129,49,9.62942561549583,7.61432200784406e-05,0.0268312414646111,6.57648132636607e-05,13.9141540530988,21.6716916938024,21.9166665666667,21.9166665666667,TRUE,0.000170817696788729,1
"130","Networks_RH_SomMotB_Cent_1",130,26,20.8499785445808,1.72377562662924e-09,0.05981152616165,8.80986737007258e-10,12.2809882340034,21.7941791302345,21.9166665666667,21.9166665666667,TRUE,7.34155614172715e-09,1
"131","Networks_RH_DorsAttnA_TempOcc_1",131,102,1.334628998678,0.264011066263418,0.00107213459536082,0.26325582560006,NA,NA,NA,NA,FALSE,0.311545355739716,0
"132","Networks_RH_DorsAttnA_ParOcc_1",132,86,5.65326016661396,0.00368925378315179,0.0147356802847035,0.00350606775715102,12.6076213978225,18.1603851827471,18.2420434737019,18.2420434737019,TRUE,0.00594248772398478,1
"133","Networks_RH_DorsAttnA_SPL_1",133,51,17.4808205305595,4.1162848991999e-08,0.0502800703835513,2.55962359222228e-08,5.66666666666667,6.44242043073702,19.3852595470687,19.3852595470687,TRUE,1.31262748319091e-07,1
"134","Networks_RH_DorsAttnA_SPL_2",134,48,30.6877325583732,1.95709263269295e-13,0.0860859942796767,4.70421419185912e-14,5.66666666666667,6.27910384882748,21.9166665666667,21.9166665666667,TRUE,1.34406119767403e-12,1
"135","Networks_RH_DorsAttnA_SPL_3",135,87,17.7429754210225,3.21198511551568e-08,0.0507031083337169,1.96935351305461e-08,10.8927972877722,21.4267168209381,21.9166665666667,21.9166665666667,TRUE,1.09408528503034e-07,1
"136","Networks_RH_DorsAttnA_SPL_4",136,54,60.1384917002721,1.34650295279301e-24,0.157439671620279,7.62403540757667e-27,5.66666666666667,6.1974455578727,21.9166665666667,21.9166665666667,TRUE,1.52480708151533e-24,1
"137","Networks_RH_DorsAttnB_PostC_1",137,71,16.2746561287748,1.29208026955677e-07,0.0462195168208815,8.55079802779415e-08,13.4242043073702,21.5492042573702,21.9166665666667,21.9166665666667,TRUE,3.97711536176472e-07,1
"138","Networks_RH_DorsAttnB_PostC_2",138,64,17.5207446855918,3.9636301904175e-08,0.049282524240195,2.45944584512866e-08,12.2809882340034,21.4267168209381,21.9166665666667,21.9166665666667,TRUE,1.29444518164666e-07,1
"139","Networks_RH_DorsAttnB_PostC_3",139,76,13.3623655764973,2.08155729219662e-06,0.0379293883979117,1.57325226240105e-06,5.66666666666667,6.40159128525964,19.5485761289783,19.5485761289783,TRUE,5.826860231115e-06,1
"140","Networks_RH_DorsAttnB_PostC_4",140,50,42.2972609592316,6.02909920172429e-18,0.114877176381971,4.27103338139335e-19,5.66666666666667,21.5492042573702,21.9166665666667,21.9166665666667,TRUE,4.27103338139335e-17,1
"141","Networks_RH_DorsAttnB_FEF_1",141,83,8.81412719033918,0.000168066932306214,0.0241360886855103,0.000148618611137045,8.11641539530989,8.27973197721944,17.5887771460637,17.5887771460637,TRUE,0.000349690849734224,1
"142","Networks_RH_SalVentAttnA_ParOper_1",142,97,2.119876059175,0.120915811352701,0.00357587097541545,0.12004650625245,15.2206867083752,17.098827400335,17.098827400335,17.098827400335,FALSE,0.14820556327463,0
"143","Networks_RH_SalVentAttnA_PrC_1",143,103,0.694978539496781,0.499473528953087,0.000959181764467854,0.499085158488804,NA,NA,NA,NA,FALSE,0.545448260643502,0
"144","Networks_RH_SalVentAttnA_Ins_1",144,105,3.94680536088873,0.0198035916024977,-0.00932875616940732,0.0193163119575078,5.66666666666667,6.11578726691793,NA,14.567420380737,TRUE,0.0264607013116545,1
"145","Networks_RH_SalVentAttnA_Ins_2",145,128,9.35685086838451,9.91954115164797e-05,-0.0259238941024077,8.63716666364652e-05,5.66666666666667,6.11578726691793,21.9166665666667,21.9166665666667,TRUE,0.000210662601552354,1
"146","Networks_RH_SalVentAttnA_FrOper_1",146,120,4.07760052368983,0.0174046837180108,-0.00962193447202919,0.0169480834272124,5.66666666666667,5.99329983048577,21.9166665666667,21.9166665666667,TRUE,0.0234736485933877,1
"147","Networks_RH_SalVentAttnA_FrMed_1",147,118,1.15638274202993,0.315299820233191,-0.000495848084790529,0.314622194657697,NA,NA,NA,NA,FALSE,0.359568222465939,0
"148","Networks_RH_SalVentAttnA_ParMed_1",148,91,2.93136729007432,0.0540635805830519,0.00605198164179765,0.0533240787946039,5.66666666666667,6.07495812144054,21.9166665666667,21.9166665666667,FALSE,0.0683642035828255,0
"149","Networks_RH_SalVentAttnA_ParMed_2",149,70,1.13462300068004,0.322210038969445,0.000425489192111939,0.321543320099987,NA,NA,NA,NA,FALSE,0.363325785423714,0
"150","Networks_RH_SalVentAttnA_FrMed_2",150,92,5.45960406762074,0.00446232686655632,0.0140006817853958,0.00425524019870297,13.3425460164154,21.3858876754607,21.9166665666667,21.9166665666667,TRUE,0.0069758036044311,1
"151","Networks_RH_SalVentAttnB_IPL_1",151,155,7.60608121710547,0.000545248160240733,-0.0203608293616243,0.000497417314541494,13.3425460164154,21.4675459664154,NA,21.9166665666667,TRUE,0.00100614261954359,1
"152","Networks_RH_SalVentAttnB_PFClv_1",152,162,3.24343921706371,0.0396926570277809,-0.00667582142376355,0.0390294333168525,14.1591289259632,18.568676637521,NA,18.568676637521,TRUE,0.0516946136647053,0
"153","Networks_RH_SalVentAttnB_PFCl_1",153,174,8.27592270156459,0.000283760193468352,0.0212786229569387,0.000254573057178024,5.66666666666667,6.1974455578727,15.7922947450586,15.7922947450586,TRUE,0.000562090038508899,1
"154","Networks_RH_SalVentAttnB_Ins_1",154,159,26.7746167922465,7.02953166841447e-12,-0.0690031853980171,2.3546787909921e-12,5.66666666666667,5.95247068500838,NA,17.4254605641541,TRUE,3.9244646516535e-11,1
"155","Networks_RH_SalVentAttnB_Ins_2",155,140,9.85818433997215,6.09972299557105e-05,-0.0269114763648287,5.23172538394091e-05,5.66666666666667,6.23827470335009,NA,16.037269617923,TRUE,0.000139512676905091,1
"156","Networks_RH_SalVentAttnB_PFCmp_1",156,160,11.6837493018216,1.04495428178048e-05,-0.0305930437785138,8.4297006065264e-06,5.66666666666667,6.48324957621441,NA,18.4870183465662,TRUE,2.6760954306433e-05,1
"157","Networks_RH_LimbicB_OFC_1",157,145,0.27327759762605,0.760973141287733,-0.00213268296880875,0.760881539400245,NA,NA,NA,NA,FALSE,0.792584936875255,0
"158","Networks_RH_LimbicB_OFC_2",158,152,19.2470823892674,7.76828565414675e-09,-0.0499530482634047,4.37621172720368e-09,5.66666666666667,5.95247068500838,NA,17.7520937279732,TRUE,3.24163831644717e-08,1
"159","Networks_RH_LimbicB_OFC_3",159,169,12.0366210560978,7.43864989164323e-06,-0.0295332590181527,5.92327497912117e-06,5.66666666666667,5.99329983048577,NA,16.3639027817421,TRUE,1.91122171355275e-05,1
"160","Networks_RH_LimbicB_OFC_4",160,167,4.07346044757913,0.017475950917837,-0.00861906606707208,0.0170183952302061,9.0146565958124,9.0146565958124,NA,15.5473198721943,TRUE,0.0234736485933877,1
"161","Networks_RH_LimbicA_TempPole_1",161,132,2.97996135214427,0.0515228629302736,-0.00601384149081252,0.0507947969369503,5.66666666666667,5.78915410309883,NA,14.6490786716918,FALSE,0.0655416734670326,0
"162","Networks_RH_LimbicA_TempPole_2",162,146,1.35527760398173,0.258638572157324,-0.00111476743861183,0.257875697194097,NA,NA,NA,NA,FALSE,0.30699487761202,0
"163","Networks_RH_LimbicA_TempPole_3",163,108,5.48153660759989,0.00436718283392448,-0.0140254348361138,0.00416292799391764,5.66666666666667,6.03412897596315,NA,14.8940535445561,TRUE,0.00688087271721924,1
"164","Networks_RH_LimbicA_TempPole_4",164,109,0.556564783034429,0.573460763683654,-0.00140704010608883,0.573174665116305,NA,NA,NA,NA,FALSE,0.606534037160111,0
"165","Networks_RH_ContA_IPS_1",165,107,3.75300897242121,0.0239814943680021,0.00851684612022485,0.0234470879644534,5.66666666666667,6.03412897596315,13.505862598325,21.9166665666667,TRUE,0.0316852540060181,1
"166","Networks_RH_ContA_IPS_2",166,99,0.657526570517741,0.518492233353629,0.0010725462899579,0.518131312134983,NA,NA,NA,NA,FALSE,0.557130443155896,0
"167","Networks_RH_ContA_PFCd_1",167,134,11.2973647019469,1.51671651653259e-05,0.0311027788928239,1.24055736064854e-05,5.66666666666667,6.23827470335009,18.4870183465662,18.4870183465662,TRUE,3.87674175202669e-05,1
"168","Networks_RH_ContA_PFCl_1",168,129,5.88301804311383,0.00294427708009246,-0.0147377541455356,0.00278636320805664,5.66666666666667,5.99329983048577,21.9166665666667,21.9166665666667,TRUE,0.00480407449664938,1
"169","Networks_RH_ContA_PFCl_2",169,143,13.9674468439145,1.16600221072247e-06,-0.0373501362175936,8.59043012107056e-07,5.66666666666667,6.23827470335009,NA,17.833752018928,TRUE,3.30401158502714e-06,1
"170","Networks_RH_ContA_Cingm_1",170,68,8.27130637006437,0.000285038945239921,-0.0225348173338036,0.000255750967521549,5.66666666666667,6.48324957621441,NA,17.098827400335,TRUE,0.000562090038508899,1
"171","Networks_RH_ContB_Temp_1",171,200,5.76148358486223,0.00331732010367759,-0.0143573326948414,0.00314644012309927,11.2194304515913,11.2194304515913,NA,16.8538525274707,TRUE,0.00537853012495602,1
"172","Networks_RH_ContB_Temp_2",172,195,0.671632773337117,0.511245048349418,-0.00102829953387695,0.510873755387709,NA,NA,NA,NA,FALSE,0.555261694943319,0
"173","Networks_RH_ContB_IPL_1",173,156,12.6261116378771,4.21964351432712e-06,-0.0327180956474137,3.28510600258443e-06,13.1792294345059,21.7125208392798,NA,21.9166665666667,TRUE,1.11359525511337e-05,1
"174","Networks_RH_ContB_IPL_2",174,136,10.641334408172,2.85810276848925e-05,-0.0277881118142568,2.39071158705458e-05,12.8525962706868,21.4267168209381,NA,21.9166665666667,TRUE,6.92959880305675e-05,1
"175","Networks_RH_ContB_PFCld_1",175,185,0.00373080414475441,0.996276169024373,0.00300315615929625,0.996276146658325,NA,NA,NA,NA,FALSE,0.996276146658325,0
"176","Networks_RH_ContB_PFCld_2",176,173,7.60482896483644,0.000545915005726416,-0.0187602838436767,0.000498040596674077,9.6679229234506,9.6679229234506,NA,17.2621439822446,TRUE,0.00100614261954359,1
"177","Networks_RH_ContB_PFClv_1",177,176,19.1453347781345,8.54942450935202e-09,-0.0491997959659196,4.8449215768931e-09,5.66666666666667,20.6917922023451,NA,21.9166665666667,TRUE,3.46065826920936e-08,1
"178","Networks_RH_ContB_PFClv_2",178,172,1.23720470139565,0.29090968549739,-0.000662361484926266,0.290194264873665,NA,NA,NA,NA,FALSE,0.337435191713564,0
"179","Networks_RH_ContB_PFCmp_1",179,177,10.7160920398351,2.65883979490467e-05,-0.0262914113120135,2.21850473272794e-05,5.66666666666667,5.91164153953099,NA,16.6905359455612,TRUE,6.62240218724758e-05,1
"180","Networks_RH_ContB_PFCld_3",180,186,0.993976635334695,0.370690979825231,-1.74766791284364e-05,0.370102000120311,NA,NA,NA,NA,FALSE,0.411224444578123,0
"181","Networks_RH_ContC_pCun_1",181,80,2.20072601700713,0.111586948281027,-0.00380015015682711,0.110722742580076,13.4242043073702,13.4242043073702,NA,14.8123952536014,FALSE,0.138403428225095,0
"182","Networks_RH_ContC_pCun_2",182,101,1.18503398631995,0.306427303895112,0.000579707809844621,0.305735788487799,NA,NA,NA,NA,FALSE,0.3514204465377,0
"183","Networks_RH_ContC_Cingp_1",183,79,2.0488257317755,0.129757889530411,-0.00334543727846015,0.128886161685883,15.7106364541039,17.7520937279732,NA,17.7520937279732,FALSE,0.15814252967593,0
"184","Networks_RH_DefaultA_IPL_1",184,181,14.2173328650112,9.18108827115184e-07,-0.0363217513830911,6.69099629416618e-07,10.4845058329983,21.0592545116416,NA,21.9166665666667,TRUE,2.84723246560263e-06,1
"185","Networks_RH_DefaultA_PFCd_1",185,188,2.27214987742508,0.103948108206259,-0.00370549588500069,0.103090310141453,5.66666666666667,6.1974455578727,9.58626463249582,9.58626463249582,FALSE,0.129673346089878,0
"186","Networks_RH_DefaultA_pCunPCC_1",186,131,6.2157334257187,0.00212445707100475,-0.0151370394568814,0.00199775061129337,11.6277219063652,11.7093801973199,NA,17.4254605641541,TRUE,0.00359955065097905,1
"187","Networks_RH_DefaultA_PFCm_1",187,191,18.4539581988272,1.64070353547684e-08,-0.0446643051524147,9.67270148537101e-09,5.66666666666667,6.15661641239531,NA,17.098827400335,TRUE,6.04543842835688e-08,1
"188","Networks_RH_DefaultA_PFCm_2",188,106,9.53575425768642,8.3385855108285e-05,-0.0257616719317258,7.22228371771774e-05,6.72822444907873,6.93237017646567,NA,17.833752018928,TRUE,0.000182842625765006,1
"189","Networks_RH_DefaultA_PFCm_3",189,192,18.9635840662948,1.01461071837106e-08,-0.0426338484128505,5.81058800052024e-09,5.66666666666667,5.99329983048577,NA,16.6905359455612,TRUE,3.87372533368016e-08,1
"190","Networks_RH_DefaultB_Temp_1",190,157,18.9004870589048,1.07677493460797e-08,-0.050450701596272,6.1890325250405e-09,5.66666666666667,6.60573701264657,NA,21.9166665666667,TRUE,3.99292420970355e-08,1
"191","Networks_RH_DefaultB_AntTemp_1",191,179,10.9925214174636,2.0356433358159e-05,-0.0289437960000231,1.68270740609474e-05,5.66666666666667,6.03412897596315,NA,15.3840032902848,TRUE,5.09911335180224e-05,1
"192","Networks_RH_DefaultB_PFCd_1",192,194,8.53926981936374,0.000219584269954612,-0.0189620720478066,0.000195633055476363,5.66666666666667,6.15661641239531,NA,16.2005861998325,TRUE,0.000444620580628098,1
"193","Networks_RH_DefaultB_PFCv_1",193,168,35.7243277954424,2.06939509219935e-15,-0.0884977983197808,3.05577637364266e-16,5.66666666666667,6.11578726691793,NA,18.8953098013401,TRUE,1.34995280186345e-14,1
"194","Networks_RH_DefaultC_IPL_1",194,122,0.170418314579215,0.843351462473368,-0.00263686779417549,0.843311973108556,NA,NA,NA,NA,FALSE,0.869393786709851,0
"195","Networks_RH_DefaultC_Rsp_1",195,95,9.86771755888111,6.04362560018877e-05,-0.0260772654339668,5.18208718243911e-05,5.66666666666667,6.1974455578727,NA,15.8739530360134,TRUE,0.000139512676905091,1
"196","Networks_RH_DefaultC_PHC_1",196,75,6.33325401255196,0.00189331100009674,-0.0164217679279743,0.00177624443324334,5.66666666666667,6.15661641239531,NA,14.9757118355109,TRUE,0.00322953533316971,1
"197","Networks_RH_TempPar_1",197,138,6.7108952546886,0.00130795823729352,-0.0173107839201695,0.00121757359805287,5.66666666666667,6.15661641239531,NA,15.1390284174205,TRUE,0.00236422057874344,1
"198","Networks_RH_TempPar_2",198,98,4.85061329639732,0.00812300223542442,-0.0117642668263773,0.00782357790543156,5.66666666666667,6.1974455578727,NA,15.7922947450586,TRUE,0.0121295781479559,1
"199","Networks_RH_TempPar_3",199,117,0.119089089118412,0.887749011684479,-0.00280616396746314,0.887728710270798,NA,NA,NA,NA,FALSE,0.901247421594719,0
"200","Networks_RH_TempPar_4",200,114,0.570914894115026,0.565305026923578,0.00136653170924783,0.565008279412833,NA,NA,NA,NA,FALSE,0.601072637673227,0
